id,customer_segments_pca
360,1
364,3
31503,3
39405,0
154999,1
364585,4
504080,3
521072,1
575758,3
632709,1
665622,0
676825,4
715123,0
756594,0
774712,3
776434,4
785140,3
852934,3
915016,3
953052,3
958612,3
1041934,1
1042331,1
1069351,1
1074386,3
1082572,3
1179701,3
1279576,3
1313699,4
1315790,1
1315853,1
1327856,1
1337012,3
1397309,1
1402409,4
1581384,1
1583103,1
1641476,4
1758820,1
1801950,0
1955800,3
1966103,1
2061222,1
2104774,1
2119667,3
2139342,1
2232323,4
2239191,3
2243316,1
2267500,1
2361919,1
2386289,1
2441900,3
2466830,3
2487185,4
2599115,4
2827887,1
2875696,1
2957097,4
2960513,3
2975710,4
2998222,4
3094167,1
3138055,3
3280778,4
3334447,3
3338717,1
3341556,1
3404692,4
3458369,1
3479122,1
3542624,4
3685552,3
3799043,1
3810191,1
3829793,1
3891080,0
3960763,1
4000181,3
4052272,1
4077803,3
4080404,0
4137490,1
4180622,3
4191778,3
4241536,1
4267851,4
4288813,0
4294257,0
4350594,4
4383018,1
4384783,1
4416289,3
4540903,1
4545539,0
4556950,1
4556956,1
4574082,1
4581251,1
4604416,1
4637460,1
4638352,0
4692668,1
4775222,1
4817072,1
4951295,0
5010213,3
5164075,1
5184333,3
5414477,1
5531293,1
5600653,1
5716391,2
5717755,4
5794938,0
5921927,1
5931452,1
5946059,1
5955475,1
5966633,0
5990927,0
6065081,3
6141491,4
6333040,0
6349335,4
6374807,3
6416196,4
6424367,4
6678066,4
6730800,3
6796745,3
6846954,1
6854536,4
6869896,3
6913874,1
6954236,4
7071425,1
7091323,0
7198718,3
7336200,3
7349270,3
7557038,1
7577128,0
7603546,1
7622030,3
7651907,1
7763814,1
7776227,0
7780920,4
7789164,1
7808218,1
7819520,1
7826191,4
7913963,4
7931953,0
7948813,0
8071897,0
8084258,1
8117043,1
8213634,3
8267327,3
8352843,0
8356699,1
8482535,2
8500786,3
8520978,4
8556263,0
8566977,3
8671797,1
8680784,1
8682809,0
8797683,4
8860548,1
8951180,1
9009513,0
9062588,1
9108143,0
9153971,4
9165337,1
9170215,4
9173434,4
9362091,4
9362272,4
9428199,3
9433028,1
9558254,4
9633450,0
9654110,4
9797489,0
9997587,1
10021154,3
10040421,1
10061459,0
10102030,0
10161676,1
10231980,3
10237203,0
10244515,1
10363495,0
10415529,4
10709107,1
10747925,4
10802368,1
10927209,3
10928009,1
10946289,1
10995273,0
11037671,0
11105109,1
11123088,1
11127739,0
11145675,3
11260552,1
11295273,0
11338921,0
11358422,3
11370833,1
11469990,1
11521979,0
11789571,0
11945010,0
12008338,3
12105336,4
12169927,0
12207545,4
12210358,0
12214224,1
12365447,0
12454119,0
12455228,3
12487223,3
12561648,3
12606455,0
12654017,0
12722198,1
12761180,0
12765811,1
12972487,0
12990793,0
12990921,0
13025480,4
13026326,1
13066618,1
13140326,4
13194349,0
13204273,0
13223024,1
13260989,0
13280979,4
13330646,1
13332504,1
13380198,4
13414484,0
13447168,0
13449331,0
13497202,3
13505760,1
13513735,1
13545464,3
13656664,0
13686918,3
13741042,4
13744375,1
13745963,0
13751109,0
13751968,0
13752452,1
13764044,0
13784513,3
13815789,0
13878432,3
13901522,0
13957450,1
14010321,0
14042763,1
14053279,1
14103909,1
14187514,3
14214656,0
14231430,0
14317719,1
14360548,3
14406405,4
14440882,0
14548753,4
14593779,0
14612748,1
14772430,1
14772610,3
14800540,1
14824298,4
14828379,1
14946195,1
14962389,1
15022935,4
15023317,4
15044067,4
15125534,3
15143586,4
15252302,4
15303547,3
15337887,1
15378908,1
15422123,1
15451442,1
15507830,0
15509056,0
15524225,1
15583685,1
15599291,3
15602226,1
15644895,3
15674568,0
15743145,4
15746223,0
15764973,0
15805779,4
15807058,1
15831072,0
15844892,0
15846078,0
15858900,1
15869291,3
15872268,1
15874051,4
15897404,3
15912228,3
15957321,1
15989734,1
16054644,3
16055037,0
16087125,0
16087887,1
16135804,3
16160474,0
16162664,4
16163913,1
16177792,4
16258368,1
16289371,1
16333715,1
16406440,1
16438823,4
16516286,0
16548314,0
16582485,3
16670962,3
16676955,1
16687728,3
16707907,1
16718503,1
16742127,0
16825395,4
16844845,3
16846436,0
16870084,1
16963830,1
17012966,1
17155851,1
17175148,3
17175955,3
17240564,1
17240910,1
17303217,1
17313143,3
17329756,1
17498473,0
17556772,0
17574946,0
17606274,0
17607361,1
17610552,3
17713792,3
17717335,3
17752540,1
17788682,4
17824243,4
17831437,0
17859827,1
17977629,1
17989895,3
18014902,1
18018738,4
18034478,0
18042124,4
18043307,3
18122245,0
18123887,3
18124933,3
18137155,0
18141307,1
18222702,3
18227614,4
18306843,0
18331882,0
18361467,1
18409562,1
18410407,4
18501879,3
18509437,3
18582812,1
18596199,0
18775585,0
18810636,4
18810675,4
18810738,3
18892011,0
18934488,0
18950106,3
19047815,1
19053449,0
19065322,0
19102625,1
19113386,1
19121239,1
19123588,4
19141160,1
19195333,3
19250754,1
19270133,3
19332452,1
19366977,1
19436341,4
19436429,1
19437073,4
19485187,4
19499281,0
19501629,0
19503543,0
19508161,4
19543488,3
19551996,4
19575238,1
19751421,1
19751569,0
19786959,3
19828479,3
19848263,0
19860064,1
19860199,3
19873257,3
19889705,4
19931204,3
19984748,3
19998483,1
20027486,0
20057107,4
20163628,0
20169840,1
20211505,0
20213812,1
20227444,1
20279733,3
20421638,3
20425997,3
20518557,4
20537548,1
20623366,1
20624536,0
20652963,0
20680124,1
20680884,1
20690944,1
20695085,3
20730936,1
20830968,0
20831334,3
20831881,3
20882945,1
20886026,1
20956686,1
21007311,3
21027425,0
21028558,4
21029294,0
21069616,1
21080559,0
21097394,3
21110108,1
21140507,3
21165225,1
21177846,3
21190815,1
21205774,0
21242678,3
21281617,1
21321438,1
21327733,1
21343580,1
21435385,1
21454930,1
21478468,3
21506048,1
21513609,3
21513658,1
21514625,3
21568349,1
21580126,0
21593423,3
21667826,0
21684051,1
21699522,3
21753893,1
21796586,0
21811514,1
21845515,1
21850630,4
21853722,1
21865169,4
21937630,1
21946032,4
21975597,0
21975933,3
21993592,1
22014975,3
22020424,3
22045549,3
22056178,0
22100613,0
22105196,4
22119120,3
22123062,1
22129989,2
22160234,3
22201970,0
22209112,4
22214871,4
22231253,4
22264680,4
22280793,3
22303051,0
22305207,4
22360476,3
22362499,0
22379059,1
22494945,1
22506969,1
22515364,0
22517116,1
22529249,4
22674036,4
22792557,1
22825320,0
22880838,4
22910034,4
22922557,1
22928612,0
22941899,1
22978126,0
23005566,3
23006749,1
23040108,4
23122739,1
23184004,1
23236575,0
23252874,0
23269276,1
23291173,0
23340441,4
23359585,3
23377216,1
23388648,0
23395457,3
23435389,0
23449000,1
23452981,3
23467833,4
23564312,4
23616466,4
23630179,0
23645586,1
23685442,0
23746299,1
23762863,3
23787610,4
23804104,3
23810970,1
23877844,0
23905333,0
23963451,1
23999092,3
23999189,4
24011831,3
24015104,4
24043228,0
24063486,0
24064731,1
24176993,1
24195186,3
24201934,1
24206648,3
24349679,1
24429792,1
24429845,1
24452513,4
24491959,4
24541430,1
24711150,3
24746875,0
24806806,4
24828537,4
24832919,1
24847694,2
24852135,3
24931284,3
24965772,4
24993544,4
25001622,3
25055975,4
25072498,0
25098158,1
25141789,4
25195731,3
25309855,3
25341588,1
25341724,1
25456963,1
25458868,1
25476150,3
25476793,0
25477926,3
25486771,0
25486936,3
25507110,4
25511655,2
25540293,0
25549371,0
25579927,3
25586560,0
25686732,4
25730584,0
25733062,0
25738810,3
25770124,0
25841044,3
25918224,3
25947420,1
26029313,3
26062987,4
26109329,0
26129760,4
26130634,3
26130724,3
26130754,3
26130771,0
26130779,0
26130792,0
26130803,3
26130807,0
26131284,0
26165764,1
26201544,0
26230682,4
26231122,4
26260827,4
26281251,0
26303530,4
26351023,0
26415492,0
26520064,0
26531088,3
26532711,3
26564570,0
26671030,1
26728147,0
26750399,3
26779697,3
26812581,1
26813815,3
26816760,0
26886211,3
26962690,3
26985504,3
27051030,1
27127337,1
27128420,4
27163453,0
27164527,3
27165242,4
27266369,1
27271600,1
27314379,1
27338099,4
27338619,0
27340469,4
27356668,3
27359005,0
27375292,1
27394040,1
27396737,1
27397709,1
27465070,1
27465203,3
27491683,4
27543790,3
27545807,1
27546197,3
27554417,0
27583000,1
27696005,1
27722990,0
27754700,0
27777147,4
27806121,1
27932568,1
27953051,4
27956187,1
27985624,4
27990562,3
28006110,3
28028772,0
28057388,4
28057498,3
28076345,1
28136395,4
28254270,1
28307031,1
28416784,1
28460899,1
28489801,0
28514634,3
28545094,4
28561790,1
28563177,4
28588682,4
28617385,1
28633134,0
28633551,3
28658834,1
28695010,0
28696369,1
28712860,0
28815515,1
28861024,3
28913988,3
28914183,0
28934233,3
28939545,1
28986433,3
29015217,0
29035410,0
29058932,1
29130386,0
29168497,4
29184651,1
29260139,3
29275060,1
29275338,1
29283226,0
29305639,0
29338974,3
29358825,1
29360234,0
29369461,1
29431427,4
29439058,3
29464543,1
29507708,1
29537798,1
29564369,1
29651194,4
29651605,0
29712912,1
29714778,3
29773448,1
29830102,0
29855042,1
29905999,1
29940130,4
29943880,1
29967439,1
30007294,3
30012308,0
30038647,4
30039546,3
30083039,3
30105041,3
30181676,1
30189186,1
30268991,0
30287649,3
30367993,4
30395033,4
30439841,4
30441312,3
30442726,3
30466371,3
30476742,1
30482812,1
30535688,1
30715023,1
30759386,1
30771799,1
30890385,3
30912545,4
30913209,1
30957796,1
31030750,1
31052762,1
31070300,4
31086360,4
31146198,1
31168983,0
31222017,3
31243020,1
31261351,4
31262420,1
31336941,0
31463598,4
31473307,1
31488847,0
31491958,4
31513850,0
31514726,0
31517336,4
31540416,0
31567957,0
31614356,0
31621075,4
31625086,0
31666998,0
31692907,3
31711950,0
31797687,1
31834061,1
31857567,4
31879211,0
31899142,3
31929352,4
31932034,3
31933795,3
31954571,1
31962384,3
31982851,1
32032700,0
32046184,1
32065545,1
32066568,1
32138363,0
32141569,4
32159495,3
32170491,1
32197143,4
32283544,1
32304313,1
32308061,1
32378989,3
32385444,0
32403327,3
32406972,4
32428070,3
32489204,3
32493375,3
32493523,3
32493692,1
32494333,3
32498162,1
32503835,3
32516875,1
32525063,1
32550905,0
32634197,3
32691716,1
32748761,4
32812933,0
32813943,1
32919592,0
32934357,4
32958628,1
33072242,0
33076734,1
33092434,3
33122899,4
33159311,1
33223515,3
33249809,3
33251421,1
33293323,4
33320394,1
33557673,0
33582543,0
33657270,3
33688230,1
33748787,1
33775018,1
33801661,3
33836656,3
33855179,1
33872296,4
33880242,1
33881639,1
33896007,1
33907546,0
33962911,0
34019010,3
34147762,1
34151881,0
34204214,4
34205254,1
34257400,4
34309661,1
34333747,1
34342338,1
34396611,1
34462934,4
34472104,0
34508362,0
34567150,2
34616832,1
34625442,0
34625529,1
34678511,3
34747330,1
34813376,0
34815696,1
34869638,3
34908627,1
34979391,4
34981225,1
35082201,4
35220979,1
35284634,0
35320894,3
35341518,4
35352023,1
35380596,3
35382615,1
35389372,4
35484702,4
35640219,3
35666802,0
35683144,0
35733717,1
35764557,3
35907618,3
35962076,1
35967933,3
36046252,3
36100831,3
36104111,0
36146029,1
36205182,3
36206107,1
36209411,0
36224425,3
36226657,1
36234276,1
36283016,3
36346977,1
36347707,3
36377754,0
36378454,4
36476623,1
36485190,0
36521451,0
36523288,0
36529332,0
36572176,4
36604444,0
36850093,1
36851163,1
36868885,1
36874585,4
36876925,4
36880394,1
36881170,0
36913982,1
36941316,0
37004641,1
37015519,0
37021434,3
37024504,1
37040860,0
37090673,1
37099739,0
37106808,1
37119251,0
37125720,0
37179361,1
37181275,3
37206363,0
37211561,1
37249656,0
37251142,1
37265429,4
37284288,0
37333429,0
37335033,1
37404547,1
37420287,1
37452064,1
37497118,1
37561342,0
37567133,1
37586142,1
37589529,1
37590420,3
37626997,3
37632838,1
37684648,0
37709770,4
37770579,2
37780480,4
37829734,4
37835957,1
37855501,1
37888182,0
37916879,4
37972100,1
37994926,1
38041906,4
38124148,1
38126576,3
38129290,0
38193967,1
38226704,1
38262690,1
38330631,3
38357351,3
38360514,4
38381321,3
38381413,0
38511409,3
38513290,3
38516101,3
38520103,3
38521249,0
38522086,1
38551000,1
38585608,1
38644825,3
38645944,1
38660615,4
38674770,1
38704300,1
38717548,0
38721623,0
38723467,1
38751116,3
38850626,1
38866210,4
38873249,1
38919595,3
38982793,1
38996072,1
39003174,3
39003810,3
39020559,1
39073318,1
39085734,1
39128184,1
39129798,4
39132771,1
39135355,4
39174239,1
39222656,2
39301235,3
39314249,0
39318475,1
39368690,3
39386823,3
39389443,3
39389572,3
39389838,4
39392908,1
39393375,4
39415255,1
39454984,1
39502843,4
39551025,1
39551040,0
39590168,4
39612168,0
39653065,3
39674985,1
39726078,1
39726290,1
39756961,1
39775322,3
39775364,4
39814925,0
39819197,1
39861221,3
39870100,3
39895552,1
39914868,3
40009102,3
40015727,0
40024834,1
40115231,4
40141978,0
40146881,1
40154226,1
40196645,1
40200490,1
40226851,3
40255025,0
40282843,3
40310263,1
40324638,1
40327371,4
40351117,3
40376405,1
40399309,0
40428541,3
40497939,1
40589865,3
40594857,1
40612075,1
40620914,4
40815722,4
40841670,0
40842958,1
40862507,3
40862788,3
40865566,4
40890051,3
40895230,4
40978316,1
40987547,3
41129992,3
41131976,0
41147501,1
41152357,4
41179508,1
41206592,1
41209698,1
41264959,0
41274436,3
41318528,0
41339634,1
41352454,1
41411489,1
41429286,1
41551568,1
41556780,1
41591841,1
41641097,1
41645942,1
41656158,0
41792546,4
41838173,3
41913036,4
41976075,3
41982230,1
42024030,1
42027502,1
42046990,4
42064645,3
42090409,4
42095197,0
42119182,1
42136551,1
42171778,4
42181011,3
42253485,4
42280164,1
42365082,4
42405338,1
42492604,1
42493841,1
42503979,4
42539553,1
42560858,1
42561574,1
42742007,0
42747872,1
42778407,1
42790978,1
42807831,4
42832854,1
42862446,3
42876647,3
42974935,1
42975012,1
42983415,3
43037169,1
43063526,1
43070482,0
43070516,3
43070547,0
43070564,0
43076725,3
43103434,1
43104437,3
43118908,1
43123712,1
43148202,0
43148281,3
43228185,4
43230596,3
43259954,1
43260435,4
43268523,4
43301801,3
43328223,1
43346770,3
43346958,0
43366381,3
43392043,3
43411988,0
43487070,1
43547113,1
43552843,0
43567835,3
43594633,3
43596072,4
43624051,1
43626707,3
43652507,1
43653465,1
43686441,0
43686804,1
43715253,1
43818286,0
43827790,4
43843691,4
43851086,1
43884762,4
43901726,1
43920210,4
43930164,4
43930922,3
43954985,3
43982840,1
44004893,3
44017769,0
44044378,3
44150179,4
44211714,3
44232824,3
44262522,4
44269137,3
44319774,4
44334732,0
44334738,0
44358738,1
44405789,4
44445217,1
44449975,0
44517461,0
44523982,4
44554461,0
44557104,3
44580564,3
44630520,1
44641083,1
44663602,3
44666414,1
44685217,0
44694897,1
44744535,3
44846026,3
44907949,1
44947762,3
44995671,1
45024626,3
45029249,1
45053808,4
45055315,3
45076608,3
45076801,1
45091567,0
45100059,2
45103109,1
45104116,1
45104125,0
45127411,1
45150350,0
45164203,1
45176650,4
45192693,3
45254034,3
45254327,3
45257295,1
45299383,1
45302234,3
45316300,0
45347406,3
45353425,1
45380361,2
45381198,3
45381345,3
45381417,3
45381500,3
45381568,3
45383315,1
45383634,1
45400123,4
45400129,4
45400783,0
45402923,1
45410867,4
45411532,1
45441817,1
45452847,0
45505166,1
45532578,0
45548336,1
45563234,3
45564300,3
45564340,3
45564390,3
45564429,3
45564487,3
45564520,3
45564549,3
45577294,4
45581133,4
45584495,1
45597610,1
45618078,0
45619311,3
45637754,1
45644999,1
45653210,1
45691285,1
45702292,1
45710801,1
45724176,0
45734227,3
45741274,0
45768649,1
45771015,3
45774339,4
45780717,3
45782271,1
45782775,3
45783182,3
45785332,3
45804782,1
45817397,1
45829216,1
45830309,1
45850391,1
45859702,4
45863602,4
45877458,0
45881671,1
45883547,2
45897230,3
45908426,3
45918521,3
45928225,1
45935645,4
45986668,1
45987327,3
45996447,4
46006673,3
46020513,1
46047848,3
46053330,1
46053516,0
46071432,3
46081645,0
46087425,1
46102095,3
46121557,1
46140661,4
46155726,3
46156052,1
46156938,3
46157277,1
46174482,1
46201703,3
46216453,3
46218195,4
46261989,1
46264706,0
46281674,1
46294297,0
46294949,1
46319395,0
46328168,4
46330517,3
46331439,3
46375501,0
46382399,3
46403380,1
46432724,4
46464523,1
46467387,1
46486696,3
46487173,1
46491602,3
46512020,3
46578817,1
46580161,3
46580380,1
46586352,3
46587645,4
46588766,0
46594098,3
46604824,1
46637126,3
46673718,1
46674514,1
46676127,1
46677383,3
46678122,4
46693568,2
46694552,0
46708428,1
46709807,1
46746974,0
46760458,1
46798345,4
46799502,3
46816242,0
46847951,0
46851581,4
46919273,0
46923175,1
46925783,0
46925796,4
46943238,0
47058767,1
47075662,4
47096870,1
47103538,0
47112219,3
47116912,3
47121867,1
47136536,3
47142758,3
47160988,1
47175839,3
47218335,1
47224119,3
47274278,1
47274444,3
47274761,3
47287150,0
47325308,0
47334228,3
47370604,4
47372674,1
47385446,0
47398248,3
47403661,1
47483977,3
47488949,3
47490075,1
47546636,1
47549407,3
47714136,1
47766269,3
47788214,0
47798574,1
47803110,3
47835109,3
47835541,0
47902062,1
47921405,3
47978729,3
47990999,3
47991940,0
48026459,0
48054424,4
48059130,1
48068713,3
48068900,1
48091721,0
48124356,4
48125065,3
48125158,0
48125457,1
48137466,3
48147877,4
48154659,3
48155348,1
48157823,3
48158100,3
48160097,3
48166414,3
48195495,1
48195558,0
48199049,0
48199440,0
48232961,1
48242413,4
48246236,1
48267562,3
48281268,0
48286393,4
48296152,0
48303875,1
48314563,1
48317365,0
48317465,1
48327627,4
48329565,3
48332832,0
48344344,4
48349586,3
48398931,0
48405300,0
48416934,3
48420311,1
48422979,3
48423750,4
48429847,3
48429941,3
48430010,3
48430071,3
48441425,0
48445627,0
48483208,3
48483252,4
48484023,3
48484116,3
48485288,3
48485537,3
48487133,3
48487513,3
48487722,3
48489565,3
48490532,1
48511210,4
48541100,1
48543014,0
48545204,3
48560151,4
48563034,0
48569515,1
48570268,1
48584192,1
48587367,3
48592028,1
48622893,3
48638328,3
48640199,1
48641099,0
48657615,1
48699093,3
48741460,3
48751862,4
48751945,1
48753137,1
48755295,1
48756909,4
48759182,4
48759204,3
48764824,4
48766620,4
48766778,4
48766983,4
48789628,3
48802625,3
48809162,4
48828474,1
48831162,1
48877553,3
48940395,4
48951727,1
48962412,0
48972854,0
48991939,1
49000338,0
49001770,1
49019081,1
49036910,3
49043638,1
49061547,0
49062065,3
49071410,3
49080149,0
49081838,3
49092392,3
49093300,1
49095997,0
49113893,4
49131664,3
49139097,1
49158338,0
49175200,4
49193699,3
49203947,3
49216309,1
49241225,0
49245967,4
49258781,1
49259902,3
49274692,1
49275173,1
49278547,3
49288412,1
49338530,4
49339517,3
49341698,1
49347404,1
49359644,1
49363090,3
49383317,3
49395938,2
49398819,1
49420237,1
49420270,4
49425633,3
49431022,1
49435569,3
49438146,1
49438522,1
49449621,0
49461149,3
49464629,1
49467949,3
49470100,1
49481837,3
49485161,1
49495806,1
49503889,4
49515513,0
49518796,0
49567682,4
49568088,3
49584204,1
49585347,1
49585896,1
49593927,3
49611259,3
49611828,1
49629467,1
49630898,4
49639715,0
49641472,0
49684824,0
49690385,3
49703319,3
49704371,1
49704743,3
49752413,3
49770172,3
49776755,1
49781085,3
49800855,3
49808006,1
49809657,4
49834277,3
49837322,3
49885591,0
49888399,3
49910578,4
49947653,0
49959925,4
49988236,2
50000393,1
50014203,3
50046036,0
50046842,0
50047706,0
50048133,3
50053026,4
50070631,1
50112897,0
50115953,4
50117611,1
50119630,0
50131635,4
50155822,4
50177701,1
50178225,1
50178292,1
50178319,1
50180135,1
50208825,4
50209185,3
50210563,3
50225821,3
50231415,4
50247390,1
50269689,3
50270167,4
50271561,1
50286858,4
50291676,0
50307598,4
50308078,1
50308768,4
50312049,4
50329886,0
50348223,0
50348691,1
50365353,0
50397093,0
50397256,1
50399352,3
50399362,3
50399374,3
50399387,0
50404537,3
50417342,0
50421563,4
50442341,3
50447028,1
50462328,4
50485705,1
50489726,3
50491365,4
50492252,0
50498614,3
50504919,1
50505919,4
50525720,1
50578114,3
50589007,1
50593240,3
50613509,1
50613848,4
50640938,1
50658464,3
50703028,1
50704726,4
50705203,4
50718962,1
50722235,1
50738544,3
50741421,1
50768373,1
50770834,1
50777879,1
50782268,4
50792018,1
50795094,3
50798471,0
50806363,1
50808701,0
50834140,3
50838877,3
50846508,3
50848389,0
50851260,4
50870156,3
50875523,3
50894565,1
50895274,0
50911112,3
50920229,3
50937152,3
50937554,1
50951888,1
50980030,3
50986392,2
50990044,3
50993604,3
50995773,4
50999755,1
51001286,1
51002125,4
51017425,1
51021837,3
51025889,3
51034202,2
51063231,3
51068540,0
51068542,0
51069201,3
51086395,4
51087546,3
51087796,4
51129956,0
51135669,3
51148381,0
51148430,1
51165511,0
51168803,1
51178297,4
51190054,4
51207150,1
51247029,3
51259946,0
51262150,0
51262523,2
51264684,3
51266336,3
51280785,3
51288205,3
51290375,1
51299834,3
51322079,3
51363929,3
51392048,0
51410999,4
51412825,3
51413209,0
51434193,3
51459875,2
51461481,3
51465296,4
51467665,1
51472566,1
51494175,3
51516533,1
51522660,1
51534579,3
51540258,3
51542352,3
51544238,1
51544729,4
51565610,0
51572201,2
51574411,4
51584800,1
51598114,1
51603081,1
51624561,1
51631073,1
51633253,3
51678417,3
51685389,1
51694421,1
51724885,1
51731391,3
51744912,0
51749731,3
51751657,1
51760260,1
51784708,4
51786350,1
51798175,4
51802409,1
51806978,4
51817726,0
51819773,1
51851545,1
51864252,0
51865380,0
51873952,3
51884978,3
51884980,3
51891750,3
51917708,1
51924448,0
51943262,1
51944871,3
51957585,0
51961354,3
52001830,4
52006485,4
52011644,0
52024924,1
52031079,4
52032289,1
52048342,3
52053171,0
52053793,1
52057956,2
52058508,1
52063321,4
52089689,4
52107247,4
52111005,3
52128500,1
52129891,3
52133238,3
52145236,1
52147153,2
52152353,1
52152914,1
52168281,1
52173401,3
52174712,1
52178143,1
52188116,0
52207601,1
52216877,1
52225414,0
52226487,1
52243414,4
52255110,3
52256239,1
52260750,1
52265329,1
52279384,0
52280486,1
52299356,1
52309336,1
52323197,3
52324879,2
52334492,1
52384065,0
52384251,3
52390305,3
52391079,3
52392721,1
52408164,1
52411229,0
52411239,3
52418280,0
52429527,4
52451542,4
52465387,4
52467149,4
52487027,1
52495939,3
52513044,3
52515096,0
52516437,1
52516911,3
52521241,4
52529425,0
52534355,0
52536193,1
52549885,4
52555675,3
52583616,1
52586350,0
52599205,0
52605973,3
52606007,3
52606178,3
52615741,1
52618067,0
52620414,1
52630403,1
52633698,0
52634654,0
52654951,1
52667063,4
52668441,4
52671258,1
52673312,1
52674413,0
52682123,1
52691429,3
52691430,3
52691431,3
52691434,3
52691435,3
52702841,0
52728671,3
52729916,3
52740554,1
52752760,3
52755928,3
52757089,3
52777556,3
52787514,4
52809137,1
52822945,3
52825677,1
52826846,4
52828018,4
52829250,2
52836426,3
52839360,3
52839861,3
52842456,1
52845989,1
52876246,1
52879958,0
52895141,1
52896162,3
52951187,0
52954830,1
52956494,4
52964225,0
52969120,0
52981523,1
52985151,1
52991744,1
53003310,1
53009654,0
53032494,4
53059477,3
53060785,3
53063448,3
53067885,1
53072505,3
53075011,3
53093961,1
53096483,1
53097024,1
53106044,4
53106433,4
53106832,0
53111867,1
53114846,1
53127292,3
53129581,4
53130803,1
53130877,3
53132938,1
53133007,0
53142774,1
53146594,4
53147227,4
53148735,3
53160239,3
53160327,1
53163599,3
53164589,3
53165300,4
53165619,2
53165641,1
53173547,1
53182925,1
53183026,1
53189149,3
53202315,3
53218995,3
53237424,1
53252450,3
53253527,3
53254417,0
53258444,1
53263729,0
53269921,2
53280033,4
53280062,1
53289053,1
53289258,1
53298884,1
53306087,1
53322660,1
53330147,1
53344976,1
53346679,0
53350965,1
53362941,1
53363136,3
53363249,1
53363372,1
53375432,2
53377742,3
53381699,3
53409026,1
53421039,0
53426493,1
53433799,4
53456569,4
53463079,3
53487602,1
53497209,1
53516287,4
53517019,0
53519919,1
53527132,4
53527137,4
53568101,3
53571639,3
53571991,0
53575580,0
53576564,4
53582262,1
53584071,0
53593729,0
53603625,1
53606384,3
53609416,3
53611862,3
53612722,4
53613288,1
53613425,1
53627918,1
53645841,1
53646172,3
53676526,4
53683856,4
53696407,1
53701902,3
53708736,0
53742651,1
53767435,1
53768069,1
53773521,3
53781753,1
53784972,3
53785532,0
53785875,0
53810969,1
53812424,1
53817866,4
53817950,1
53824175,3
53827543,3
53831744,4
53842501,3
53842913,1
53848854,0
53865541,0
53892390,3
53916777,3
53922775,1
53929495,1
53931871,1
53935772,1
53937747,1
53938883,0
53940266,3
53943242,3
53953636,1
53957001,3
53988693,1
54002792,1
54012146,1
54016983,3
54022484,4
54034531,3
54036805,0
54037401,3
54051364,4
54065011,2
54069740,2
54069744,3
54069751,3
54074087,1
54084456,3
54097577,3
54127352,3
54132444,4
54147120,3
54149860,0
54150043,1
54151314,0
54160936,0
54177174,3
54182103,1
54215330,1
54215482,1
54224915,4
54225809,4
54229389,1
54246992,1
54248070,1
54249297,1
54265630,1
54271401,3
54278082,0
54281614,1
54290077,2
54291062,2
54303176,3
54306154,3
54306900,0
54314831,0
54329346,1
54330212,1
54338197,1
54358071,1
54369328,1
54379927,3
54380776,3
54384804,1
54396026,4
54399426,1
54405670,4
54406519,4
501297017168528683,2
509713996333684900,4
527738007291860697,4
531972915739109315,3
535408542916708813,3
539127064753450225,4
541942200988311954,0
543007539562751227,0
543468867977844863,3
544086558555191267,1
545886761331841901,3
547238810115659663,3
547264547576858319,3
547814949324630528,3
547965961681084556,0
548548463407010447,1
548597456629617355,0
548643210640747998,3
549142219131560237,1
549448088278264926,4
550669843704965094,0
551457161411330486,1
552281971491561394,4
552376829407353367,4
553502483066863987,4
553532554603765088,1
553557808200266637,3
553739913000641009,3
555869412927149795,1
556464354355179978,3
556464390900551837,3
556765560749622764,3
556792193727921135,3
557507849481116011,0
557765583817696400,3
558074810138603466,1
558407867059150770,3
558744370607617830,0
558968421485912825,1
559332301520094101,1
560078319961572813,1
560538599849356611,4
560765550230730863,1
561673635986015954,1
561895084577009325,1
562307322453748198,1
562352620285798308,1
562379558712348229,0
562599350834776315,1
563621985341196585,4
564362480802108478,1
564680788327331321,4
564687906867621362,3
565234057498984267,4
565252220506201966,3
565308712436973994,1
565855730119111767,3
565858721350759558,1
566073347822548809,4
566589369043747700,3
567181824298296088,1
567314998036615384,1
567959255638025184,1
568000965634309040,1
568021791940988395,0
568660510882576034,1
568912279442732222,3
570176696779473961,4
571183113868593924,3
571771679878052782,0
572475661289375318,3
572570815117117849,1
573031364413598602,2
573144478768793548,1
573149267543126358,1
573226119814512033,1
573236457370250024,1
573957907219362327,1
574097486844914864,2
574116012029042015,1
574647260876853318,1
574657486488106618,1
574677733062069621,3
574721250179804430,0
575525324114025396,1
576168470545302879,4
576603685442599676,3
576786037188315854,0
576799513934830936,4
576825443205125305,0
576892331880268520,4
577005359193933726,1
577043781539457337,0
577394220408103117,4
577639242920947818,3
577780541674517701,1
578215217238433321,0
578331975169686295,1
578348850799741478,3
578830238648617388,1
579454702718787285,2
580441669325336107,3
580503336125537660,4
581188565781070404,1
581486416321170787,4
582051387451998801,1
582490458805355101,0
582540693820908764,4
583312910457550959,4
583370129581635406,0
583869366454190736,4
583914098103252902,4
583925721074840838,1
584018743080915301,4
584670413489115480,3
584717194416438644,1
585663717353656813,1
586058239346422067,3
587531626488507740,0
587561524332789726,1
587682427839897362,4
587796561288493806,1
587808951447246790,1
587934727581388859,3
588171852187290539,3
588634781703696729,3
589115729430666014,3
589255279875253718,0
589594692202179704,0
589650079884466199,1
590661434692057830,4
591231806489869157,0
591406740178340738,3
591651623979937203,1
592557490695469451,3
592752028077964023,3
592808215543180039,1
592811635791521125,4
592925432206817099,1
593242044276912418,1
593608822130176062,3
593623379589574139,0
593717046504175455,4
593938590246060625,3
594394334440299518,3
594443858455085496,3
594817584968244898,1
594831145132800898,1
594886648809335941,1
595421077659357578,4
595763567893411358,4
595873970106399130,1
596402583861810159,1
596475715056326277,1
597044370297811373,1
597092752409386294,0
597222788542032695,1
597722399643186604,4
597777852551905079,1
597914206851755170,4
598082262424448424,4
599197132805611702,4
599279042703918927,0
599306974564211981,1
599329950141621473,0
599353045681403948,4
599477676313604149,0
599960747329127605,1
599965366594204524,0
600162588211662798,0
600946272799950413,3
601306549765337233,1
601435525441581134,1
602263069941772075,1
602394965885636132,4
603008850354420691,4
603056851699299968,1
603455139106865328,0
604181000411512484,1
604247069840947154,1
604989521863225138,1
605102230683635547,0
605656957456124360,3
605734668673736462,1
605810124504732921,3
606451844172752540,3
606582672571957850,2
607146661801132118,1
607809014381412084,0
607965362439543970,1
608206704002063571,1
608552474782715411,2
608582754603040167,4
608712655170827939,0
608765801991965899,1
608795216860882975,1
609698550779371731,0
610048506801271131,1
610187162172713845,3
610376216212666481,3
610894152581865617,1
611077004753732470,1
611761797235922166,3
612137782283421893,0
612319792400025388,1
612532960011559741,3
612887818647581571,3
612912160805839007,1
613148679577684966,3
613665410196329522,1
613723735245785966,4
614309274930284716,1
614355844376430226,4
614448587489340489,4
614490101589061732,0
614503084398862581,1
614534085577239710,3
614539118515023629,1
615503506996032580,3
616505583316142612,0
616637412728146728,4
617284809644035624,1
617480440631400026,1
617617109612696671,0
617642872885406558,3
618019264673400515,4
618674490574300526,0
618721957268988435,0
618752055548548753,1
618787870092598779,1
618819423258283755,3
619421724885212297,3
619527381006734043,4
619538750613915004,0
620203426549716214,4
620304591483921958,3
620482639293091405,1
620566442425959549,3
622335017424013067,1
622420301213710507,3
622573383534774772,1
622786275030002108,1
622900556291674453,1
622900822097552167,3
622991071018484239,1
623287614756208718,0
623872415067219349,3
623991281290489751,3
623997667062146963,4
624026422471884131,3
624063424770483662,0
624122344842809030,4
624720894121454442,1
624848601526659330,1
624866318135704633,1
624940628730672691,0
625485455992976551,1
625639406196505700,4
625935090239148175,3
625955995234059932,3
626071549910127306,0
626892899286178797,1
627058541742570267,0
627393508714009656,3
627550317542438321,0
627783021288328401,4
628205699812896270,3
628294912952550462,1
628400069310740351,1
628439319532478549,3
628491611616866967,4
628971900304003797,1
629016220217150425,4
629157538737115592,0
629672618277732900,4
629747601823730043,0
629750143820502779,1
630273044411300742,3
630329497855464470,4
630335540355355259,0
630738584585173311,2
630870222652667575,4
631136413629832572,1
631144314399528258,1
631314058170809558,1
631760041622630799,4
631983663999418789,1
632528024433797127,3
632611673098728452,1
632660623103585374,0
633415256638050052,3
633534845479534943,4
633872103811780869,4
633922548300385625,1
633929182781850981,0
633960593683726230,1
634062327825182461,3
634070575630671440,4
634141354554187798,1
634224018949254901,1
634598283947627641,3
634610815341037091,1
634701703189123657,1
634729077479158068,1
635387340362100929,1
635436247784311353,0
635458262425631049,4
635551360373139227,1
635553100595751982,4
636164351456335601,3
636250886668001912,1
636392319453635284,3
636830251716638344,1
636953703332104003,4
637892280301877213,0
638236059517112978,0
638492212651909679,1
638571430813294803,1
639015415162950979,1
639015464488662775,1
639268790544308844,1
639574723025862912,1
639768630631075060,4
639832274091197024,1
639833266456881916,3
639921543615970887,3
640180051422148250,1
640580280013596410,0
640737704620220601,0
640737832663148995,2
641160851456494796,0
641233793879095700,4
642063056489835637,4
642749661192096728,1
643367666282174274,1
643460515015447766,3
643540730589821859,4
643575387576634124,1
643951880181498920,4
644199389820731243,1
644281399235510420,3
644288609628898616,3
644385308672016206,4
644435178489625379,1
644883703891965880,4
645610805029326707,1
645787520748530593,2
646578483644932436,1
647140759285748916,1
647504790299482009,1
648489334810151974,3
648504679714349722,1
648575550707101666,1
648597767784486870,4
648601867227998553,3
648609441210963131,1
648649740452673388,1
648712373755402746,1
649166972022476337,1
649227421579072593,1
649233723034126034,0
649291529829678547,3
649352362952164131,3
650022195385954953,0
650025934733524364,3
650229313687775276,3
650991016673786526,4
651382188543233868,4
652029754344248846,4
652796647390325917,3
653100645988756058,3
653476735133461958,3
653483492588933408,3
653484737961460176,3
653485569777962610,2
653486505312507483,2
653784066194317013,4
653806685083800358,3
653827867301348031,1
654234858856148146,4
654271439971476903,3
654343546407541668,1
654404536225315175,1
654451262752808507,3
654567301963382285,3
654571685848413146,1
655958902901214102,1
655984009664636806,4
655992328323962207,1
656256601017238916,3
656539923639318629,4
656547789489667584,4
656552253939868837,1
656691673890462583,0
657042338120495490,1
657214330825049859,4
657309032671345048,1
657319565128601020,3
658866033406112898,4
658907944938345597,0
658908772481908750,4
658931167893830610,4
659621141263215486,1
660012192878005725,3
660027262237989103,1
660031456779773624,0
660105314645843511,3
660166763554209630,0
660174096246005744,4
660575685865803751,1
660982045864830674,4
661046992300887425,1
661069483644199535,4
661567505289254871,4
662918390303853554,3
663138282585647052,0
663827846515262431,1
664138727005910351,1
664416556966878762,3
665215290599611077,3
665430732262469535,1
665874958255617655,4
666032463912158546,3
666070285533209551,3
666095625429683351,0
666813327576087113,4
667312619440112805,3
667808591781201591,4
668102276052721311,3
668239249060384281,0
668724314896259028,1
669032268305907971,3
669445049554761768,3
669515284840848017,3
669551476942177750,0
670229409470066737,4
670311178349251015,4
670507539535701609,1
670853671681029640,3
671523050903034882,0
671628320192268732,1
671654228816527000,3
671724604819441764,3
671850979273654736,4
672008549435902444,0
672316208660251321,1
672364650645509148,3
673182838221779075,4
673452423162975373,3
674107487533504204,0
674611885660936051,4
674853602628539527,1
675457757520126815,1
675520900662406652,1
675566690007299701,3
676153759665765311,1
678242353798723053,1
678320476739623461,3
678343815202582945,1
679054258107579411,0
679602511252234908,1
679630880963873737,1
679686627665085894,0
680348010370452818,1
680691630210922303,1
680867110213634508,1
681046630516081075,1
681820756251091699,3
681878645125366067,0
682028302587749424,3
682669857685938098,0
683169191337141995,4
683226413180806564,1
683430949636430699,1
683917596023358220,0
683962829123520112,0
684024677900815323,0
684289203710616823,0
684628243669297008,0
684943191591988235,0
685053936354052143,1
685641480611869107,1
685671841837900232,1
685772452661060473,3
686097573614692206,3
686122389210622526,1
686163818269118028,2
686392372540037100,0
686913098211844467,3
687296466148052526,3
687546703371933151,4
687649402241664169,3
687768125161080215,1
688217934106541596,1
688468287436406116,1
688502902862768514,1
689005386846238167,3
689103755395474036,4
689329005246273298,3
689431329193056026,4
689613745360660228,1
689862088110803415,1
689931588751238527,1
690373736097773359,3
690473593882972402,0
690662313989416122,4
691287891593140656,0
691324389574457070,0
691445932794042354,3
691884693818843529,0
691907793841310254,0
692585866419359295,4
692609263044872153,4
692659321519045287,1
693625762727132234,1
693639516878903348,3
694105965357543901,3
694351075672463252,4
694435490066663743,0
694818813801203630,1
694853199196717735,3
694876277875567972,4
695499876771029849,4
695599039867813661,4
695860953853336697,3
696036197613370417,0
696226390329789224,1
696597111605680625,1
696957998934681901,4
697179587996686966,1
698685576970761443,4
699113849864932861,3
699116515513679882,3
699144598996040773,2
699268881315475269,4
699448633957334751,3
699503086846248686,4
699934740452468463,1
700746914929877225,3
700776617771609003,4
701352773032545502,4
701428492978487473,1
701485478505342284,1
701589879682687623,1
702060379017736751,1
703334765450415213,1
703440266544033264,4
704179646219968534,1
704440552812100421,4
704469496890096522,3
704913214701918756,1
706576561281061414,1
707848630826737430,3
707988776692627501,1
709425605091267896,1
709507625757995072,2
709546711302251236,4
709992074686504402,1
710204060665991721,3
710437165751545579,4
710756954220544238,1
710826876473303496,0
711018045665194301,1
711484339201695798,1
711484342304125517,1
711502172419244083,1
711842136992485364,3
712129585932814547,3
712202752867511346,1
712235487005435091,0
712356391541077719,4
712417414848715940,4
712417795084020173,3
712436297954660616,3
713640049218767213,1
713665615531467683,4
713940641795668019,0
714423282601257864,3
714725914058656007,3
714911260222252796,1
715228306836630274,1
716146958464934904,1
716485516830013150,1
716605991485805839,1
717257197435275455,4
717556832048878948,3
718052335950302578,3
718712169216476773,0
718816278989804273,4
719014173270605750,4
719459090208712837,3
719474189697735153,1
719558123673088013,3
719729776856726359,4
720380344520529601,4
720568337430402563,1
720826001921664015,1
721309677177138946,4
721709701696904082,3
721728139592829478,3
721789920390335194,1
722398469345471790,0
722474863388922514,3
723295399409592315,4
723767356190939114,0
723792867770318651,3
723991149722382863,3
723991677420501236,3
724628217692578513,4
724735498827526967,0
724757156142015393,4
725282467081810817,0
725348565634928593,1
725367944626933866,3
725395965292676255,0
725569243610409759,1
725635085598804216,4
725661728469130172,1
726102862764795441,3
726198712020460427,4
726655323437037766,0
726699306363599884,3
726709800747937246,4
726717726129806047,3
726772714382853056,1
727027250376148905,4
727453293220642856,4
729288785595875763,3
729295752544259051,1
729569637101529668,3
729628051180481022,4
729652092424378836,3
729745038254629889,1
729941293643263914,0
730293709109330468,3
730317516336427460,4
730352618708112926,2
731225275498231431,0
731322815852947716,0
732015471331014197,0
732400098292957818,1
732790871786257775,1
733179720669337299,4
733957148928242859,3
734105250654408552,3
734870532366882433,0
734890714165652307,4
734957664522718341,1
735040990093677969,1
735054000846817881,1
735487072237682854,1
736201494223204926,4
736488547498692614,1
736947659579693596,0
737797511488682771,4
738407877272807150,0
738482909310154267,3
738619928601930113,0
739023316373676557,1
739140201889363576,1
739213145667093055,1
739426421350855265,1
739452487293649135,0
739902163786473628,1
739950731689480859,3
739985040977578956,4
740289891024387305,4
740711061692818651,0
740881044832876997,3
741318599932658126,4
741528068677634029,0
742168071014010884,1
742192554754605689,4
742288401997679055,4
742337968296873080,0
742660865860248485,3
742735450433261938,3
742801081333505927,4
743446254724757351,3
744037535486861463,1
744156655181456657,1
744372381650031641,0
744831857961830656,2
744839828526192239,0
744854411455315088,3
744925684079024315,4
744987693431168994,3
745001860765890904,3
745567714515602671,0
745739329621416697,1
746273969260926893,3
747104711622147232,3
747128386136118771,1
747181510092530124,0
747262760028369245,4
748419285233480969,3
748431458677542569,0
748521564474469376,3
748722977778850526,4
748739045776024910,1
749251313654981053,0
749438862277634024,1
749891316964119880,3
749955775735331744,3
750192238683534887,3
750270875409361690,1
750294557127660384,1
750589235512848538,2
750632025430954300,3
750684120067845968,1
750684122015609152,4
750735623417053056,3
750869463740560916,4
751476829432651638,3
751633106328774692,1
752018213953031325,1
752194267572315014,3
752355567540945915,0
752840827125597906,1
752849980548265969,1
752939198381485004,0
752966459599815014,1
752983453680865544,0
752986081902253253,4
753187268383081499,4
753223156131682820,4
753579829681273284,0
753616442773298405,3
754275427727906874,3
754664283999862312,4
755016160469015929,1
755071914814056812,4
755153421725742605,1
755411956428369689,1
755787029245945130,4
755933439330420519,0
756488362615766335,1
756574285156129297,0
756576953689070169,0
756595137419612788,3
756840976652967306,3
757140233752490396,0
757191826543619467,0
757288825198836221,1
758014742429993775,1
758074896708593951,1
758130290601077296,1
758859821703754837,3
758924213163152709,0
758975013273087542,1
759519039584639656,1
759704695071392153,3
759709439760875028,0
760186874616933524,4
760193463017844396,3
760221308299132105,4
760231549919887407,2
760333921730676208,4
760702127899854510,2
760856126025683881,0
760960278154277819,4
760988225290770671,1
760992979108611471,4
761015153203918951,2
761026146965107505,3
761097400434841164,4
761127504988399712,4
761136889753353944,0
761144528632047675,4
761500542876870789,3
761561137710874547,3
761563781021707343,1
761581553332665502,0
761603605891857995,0
761620461106361093,3
761626096546931988,3
761830827656606528,1
762229032043110702,0
762376587596157589,2
762408064587473406,4
762526281809967368,1
762982823700619771,3
763090318212276069,4
763133308608899964,1
763156739852832342,4
763433405221041305,2
763791214647196643,3
763952350659490892,4
765276994803064340,1
765316282291127831,1
765861551461257801,0
765907962287264249,0
765994757513881036,3
765996975202860362,1
765997944019478716,3
766019860012510839,0
766085343967293588,4
766383497117362854,4
766617728227484643,0
768328538976724631,1
768448426988378682,3
768874002801591648,2
769084791093704340,1
769593198377120129,0
771264891928229923,1
771847202946274794,3
772408462339997048,3
772474631787573278,4
772576253231074807,3
772642629515593700,0
773367237722947657,3
773875546428103587,0
773892673184919243,0
774561591277588349,4
774639925360639435,0
774658774155856444,3
775242611868094861,3
775250870048371276,4
775387879959970706,4
775580713263382427,1
776013518228730896,3
776013616288335259,3
776378258608356179,0
776690301069332743,3
776790750737147102,4
776858914746409698,1
777341773065976155,1
777555844068525855,3
777590381490896936,1
777695930302584758,4
779937722773824353,3
779994094625305180,4
780496484871587323,4
780506709949628464,0
781179322011837784,3
781305883339199959,1
781649024394969179,1
782198720395968164,1
782228090812635626,4
782234354610456911,0
782511723954766793,3
782539116781339713,3
784733690159810914,1
785384034789966970,4
785827788809509833,0
786130678714011090,0
786434592665385821,4
786954114221690829,4
786961418297961819,1
787005401739320896,1
787101694911441697,0
787141047994076229,0
787694088946112251,3
787829478896554375,4
788314855550328339,3
789213598079303654,0
789832740269526236,1
789888618183583141,0
790669847277137390,0
790791941436994055,3
791213113289859934,3
791227211461778302,3
791298539397705699,4
791458089107587975,0
792060280982089344,1
792688109870117060,3
793162889565904265,0
793360350984796684,2
793371234424742330,0
793564646429774297,0
793702537368863523,1
794223241025617243,1
795055324388771473,1
795055827846705305,0
795125451911018463,2
795701765977955477,1
795882009572760095,0
796381317280253086,3
796415621904956625,3
796543771037286334,4
797091909103031042,1
797096972529240141,1
797202076008461607,4
797317090675594547,3
797324941076477082,4
797385730028944765,1
797646651705151980,1
797859448869434439,3
799996340749040096,1
800074628936421552,1
800702106393469895,3
800726495848834830,1
800964708635050110,0
801299987246393350,1
801555290212001276,4
801626841489860100,1
801719296076243672,3
802336948102442312,4
802453183494613674,3
802618386349128630,1
802934720847531501,1
802981786427542912,1
802986610129897377,2
802991145996247062,1
802997761431177510,3
803000957496492847,2
803005675051107386,3
803006376961430295,3
803007105138953369,1
803007980254030041,1
803861954198331694,4
805028498097193071,3
805099232634904104,0
805836719612430105,2
805943593077546028,3
806426977913393574,4
806507077257345158,4
806563959380346673,1
806647602823537981,1
806680496474568553,1
806697614971563840,4
807200067805949742,4
807804501702851374,4
808150215470292539,0
808846915167681167,1
809603960222575037,3
810920933541919202,1
810958373747012530,1
811377395455967464,1
811593801527711283,1
811599994508266271,4
811716206087588747,1
811728384069492394,4
811821890223938235,0
811901846797830720,1
812097860923430910,3
812297891324975114,3
812343050926145216,4
812383536220753158,3
812461946480923034,0
812933668146272062,0
812950783311990263,4
813266845363359701,1
813923020214642240,2
814573504320255983,3
815151098481695514,3
815205823978921565,4
815995803040406061,4
816089573819249701,1
816102790285289956,2
816520525296089015,1
816605088044415199,1
817402518940430624,4
817429878595459034,1
817466966851762858,3
818260714852820488,3
818402286722589243,3
818712372760370331,4
818816389635964459,0
818865182601768948,4
819019823804279503,3
820562555643010981,4
820710907250965028,3
820917355387545485,0
820949051052611972,4
821082810349397447,4
821283176442293886,1
821651231965879343,0
821832453318873536,3
822350889806376216,4
822386681146154852,4
822387554868798681,3
822407973381856079,0
822717149782803904,3
822739823009150626,1
822770242940914552,2
822995734453516492,1
823012759778604087,0
824053742222270269,1
824713841001432588,4
825376733867432403,4
825550813870652356,4
825993777647820336,3
826007255722054687,1
826030732607066604,3
826033075496556628,1
826047408267598438,2
826547571127494651,1
826845884717984176,4
827097219370506206,0
827155938957636983,3
827508193352323167,1
827509876651891589,3
827703795568811222,3
827885354256451649,1
828072941046848952,1
829088936189278854,4
829104084282662533,1
829178270330118673,1
829202384176342166,1
829779091903540992,3
829808702424107091,4
830754851368452363,1
831356155309858428,3
831375024621082114,0
831833972836461583,2
831885303754744467,3
831966248357268833,3
831987364708207602,2
832006904185361829,1
832070819601867288,4
832095491952222720,1
832592442919830200,4
832593687084937878,3
833294285053810084,4
833496992303580936,1
834874393881799695,1
836184944598569048,4
836210863158020449,4
836914685093998216,4
837117550599417851,0
837710265809915732,0
837894227573093310,0
838716139053118059,3
839217572551030520,4
839261725393256850,0
839336344463859091,1
839839606031880338,0
840784844949696001,1
841344422021156421,0
841371148467896480,1
841861753066408045,3
842090345996101125,1
842735073250634176,1
842752851920785923,2
842760034290864356,3
842826518356555984,4
842844500417833726,0
842878226213040172,3
842878587010594424,3
842884212176228636,3
843052412863055725,3
843414092832239139,1
843709518300515761,1
843914795077354007,1
843998193563164286,4
844212330681291354,4
844324599056857450,3
845153323378027392,1
845490030263170618,3
846491565599143478,1
846503247637729052,4
847393577884278324,3
847887849185282341,4
847951438003267870,0
848428187677129688,3
848536687416870037,1
849192543230460151,3
849329301347413883,4
849360770909186391,3
849374976102055074,1
849670781177759358,0
850051255658968420,0
851531913880995559,3
851549860123322974,4
852131549988365040,1
852164160970400498,4
852175899372377354,3
852988455163607865,1
853085938381128350,3
853115486176206495,4
853449875798042077,3
853541671464078600,1
853681774545929737,3
853907291718612926,4
854083109078789985,3
854244360034373969,1
854379697380030540,1
854472598726474052,4
854963237650793916,3
855142734203516176,1
855201015772904490,1
855947490639190321,0
856433431085761148,0
856552178946054618,3
857859763364751202,4
857869345973017779,4
857871782992219196,4
858237970249448773,1
858645065833380295,3
858657159120180409,3
858769245294483321,1
858779209508074608,0
859423826453394089,0
859538081301579295,4
859552383590324134,3
861416682793033817,3
861527347346372684,2
861588087800704323,2
861713316149651018,3
861720119091373313,0
861888024999339284,3
862994448954640130,4
863011266082924786,1
863158678683455323,4
863701319832886158,1
864056343393444962,4
864490069743790732,0
864592023965037304,4
864634387340114874,4
865156652940634230,3
865939947498583650,4
866571663171913828,3
866806008900177770,1
866889955926244888,4
866942280666567562,3
866949575088605503,4
867300750569160566,2
867343082907403646,1
867410128535579172,3
867460296464981477,1
867558537288806613,4
868862480403511345,4
869398045406586833,4
869473170179660442,0
869521481588317877,3
869595674674395210,0
869867120611811343,3
870224705273651455,3
870463722306872604,1
871041434181215156,3
871098653335302219,3
871200779857045540,4
871771125833347646,3
871904971612345614,4
871913705022678990,1
873105310904817794,4
873164744753113325,3
873171696807770008,3
873182254452104714,3
873202732398024566,3
873219262468146985,3
873220932331718965,3
873222301293275769,3
873239142213938943,3
873243210063843061,3
873263706551568808,1
873422513287218129,1
873445088614504780,3
873904374977875733,0
873965343927337980,1
874003428478720245,4
874167950327301684,4
874170432696900802,3
874791590310331624,0
875605350491527503,3
876630794747751532,1
876758552724438799,4
876959569602335238,2
877069955735318822,4
877400542506261323,2
877423517349622696,1
877458847179592105,1
877477193525202357,1
877740281626756773,1
878147904502067299,4
878155043236027933,0
878176982014866990,3
878185122579862840,2
878187801154671929,2
878394793556477430,3
878549460781652499,0
878955649672308445,1
879061719343755788,1
879274086616445499,3
879801499444509134,4
879992672426765331,3
879993172777135719,2
879997114192974740,4
880338037880522754,3
880438828062761690,0
881377006950066201,3
882045335944679199,3
882045440722541272,3
882684504161759869,3
882716131933138132,4
882866704750378491,3
883470234361932777,3
883584594742599691,1
884043650104940344,1
884136404261354850,1
884738363520197003,4
884988588105232133,0
885678404862774102,3
885716303784245711,0
885775865782358103,4
886252672254756595,4
887047351292849890,4
887229502875204751,4
887784197039085490,3
888325257452247478,3
888432831028024054,4
889074262607009300,4
889134524644768059,4
889189870267837732,0
889282470901478953,3
889370525629447786,3
889415668660675670,1
889768309340739596,3
889769102391325722,4
890577592558958244,0
891167000711308896,4
891594600391867444,4
891617984162666906,3
891970948734513215,3
891999112838132383,3
892031698156269950,3
892115824451634235,1
892265722013402375,4
892612433962395901,4
892782458975832109,3
892897952913349248,3
893636315814273734,3
893729966985847538,4
894261577305142944,0
894268393547184734,0
894349311293677832,0
894795433478205449,4
894899663128369355,4
895046567271980031,4
895554781148010659,1
896440077481931727,1
896467569377775352,1
896538811272877326,4
897784943666264768,4
898149701189403707,3
898504234063775176,3
898523538812950495,4
898529256499329446,0
898753754720196796,4
899109403536314903,1
899128426797842473,0
899341702310470123,4
899447319687636977,3
899758773656143421,0
899930393489251813,4
900209288058228240,1
901005833804721567,4
901393461466477621,0
901468161227809824,0
902101989775264395,3
903182437767689835,1
903253527668606784,3
903569093511276516,3
903591210986278910,2
903648646057176722,3
903722563163866180,3
904275769501491618,3
904506104758084832,1
905174798749086941,0
905916882278232111,3
906513567903852052,3
906515581879216253,2
906536306697384551,1
907055297567890284,0
907183069097374906,3
907203265723656640,3
908037993452559752,2
908619209461797475,1
908671878297961652,3
908823714906673062,1
909474971635259364,3
909588623142435409,3
909610408522309786,0
909703881896242128,0
910100141964914751,1
910315103161820195,1
910374099185279411,1
910448998020282750,1
910705818590708020,3
910972982134973590,3
911528675968446372,3
911921161547741704,3
912384799096646078,4
912513776531612849,4
912986557606068924,1
913035110018171084,3
913052917983850165,3
913143841315499126,3
914643397122497869,1
914799381444738031,4
915243961789851519,4
915351711102347778,1
917336938828518341,1
918075622303734306,3
918174366872918323,4
918337950895075260,1
919125056874708256,1
920130028646487976,4
920144202613738942,1
920149942789832505,3
920152089524348145,3
920199878904682689,1
920448266940342639,1
920625658973925591,3
921194962251486574,1
921723162109328104,0
922036696393738450,3
923158165616260642,3
923423672768725898,0
924120631202567725,3
924529334323896454,4
924721792447995584,4
924901186512562905,4
926252840834556067,3
926738554925679094,2
926818653478568901,0
927240356803582245,3
927423537481659901,4
927533143338636306,0
927584143056716138,4
927631124503351382,4
928383916146161892,3
929834061620598608,4
930425733397618838,3
931057809034591203,4
931776856571177700,4
931906543739354661,3
932274272259564376,0
932541392367305542,4
932726720423526417,3
933345784452593894,3
933456017961856455,0
934009861037532899,3
934086821068102543,3
934313805216100204,1
934548256032355139,3
934833079208557520,3
934848652785390891,3
934978553595122187,3
935117721555945908,3
936583893140647041,4
937705782304199472,2
937746551888343645,3
938194094742109605,1
938381739133763917,4
938421503320274181,1
938440097347848584,1
939080907602144261,3
939178330322783130,3
939309483683937276,3
939361101175244361,4
939764182206900939,3
939894980750685640,4
939928023980914129,3
940031583585243775,1
942200062580040140,1
942217619826889886,0
942313264913497002,1
942881231208203498,1
943529983588766501,3
943635057589256329,4
944078429968791576,4
944159060683517290,1
944176255141758949,3
944258274315637119,1
944295055727631933,1
946793406789080400,4
947245652714044593,3
947351549736904634,4
947755798862111078,4
947969061366032902,3
948074655402951224,1
948108554357720302,0
948623995756957256,1
949580192845772221,0
950020894876021460,3
950159771231547600,3
951602859066866524,4
952285719678674637,3
952345550639267129,3
952403007031354610,0
953833530088361114,4
954409824600863891,3
954542162331981364,4
954596807236881452,1
954895904233596193,3
955650515139542723,1
955811758625262461,0
958086756003697725,3
958688003829071722,3
959339127928210759,4
959342045072330947,3
963116920492067618,3
964448278749219985,1
964449998330092237,0
964516940621349819,1
964677121664007308,3
967518494047242074,4
967632527330246121,1
968031781039450187,3
968038075334261947,3
968038162835562499,4
968230535751616180,3
968936854387265390,0
969314972858637409,3
969618915833530254,4
969666582294442940,4
970242003339762800,3
970302385304038231,4
970644953962470782,3
975679475777832557,3
977758926279400106,3
978569724187627478,3
979137158360962181,1
982032689667768275,3
982813615131924597,1
